,Lookup,Name
0,Ab-soul,Ab Soul
1,Aesop-rock,Aesop Rock
2,Anderson-paak,Anderson Paak
3,Ace-hood,Ace Hood
4,Aceyalone,Aceyalone
5,Action-bronson,Action Bronson
6,Afroman,Afroman
7,Afu-ra,Afu Ra
8,Ahmad,Ahmad
9,Akala,Akala
10,Akinyele,Akinyele
11,Akon,Akon
12,The-alchemist,The Alchemist
13,Amg,Amg
14,Andre-nickatina,Andre Nickatina
15,Andy-mineo,Andy Mineo
16,Angel-haze,Angel Haze
17,Apache,Apache
18,Apathy,Apathy
19,Asher-roth,Asher Roth
20,Astronautalis,Astronautalis
21,Awkwafina,Awkwafina
22,Az,Az
23,Azealia-banks,Azealia Banks
24,Big-sean,Big Sean
25,Booba,Booba
26,Bryson-tiller,Bryson Tiller
27,Baby-bash,Baby Bash
28,Baby-boy-da-prince,Baby Boy Da Prince
29,Baeza,Baeza
30,Bahamadia,Bahamadia
31,Bas,Bas
32,Beanie-sigel,Beanie Sigel
33,Becky-g,Becky G
34,Bg,Bg
35,Big-boi,Big Boi
36,Big-daddy-kane,Big Daddy Kane
37,Big-krit,Big Krit
38,Big-l,Big L
39,Big-moe,Big Moe
40,Big-pun,Big Pun
41,Big-scoob,Big Scoob
42,Birdman,Birdman
43,Bishop-nehru,Bishop Nehru
44,Bizarre,Bizarre
45,Biz-markie,Biz Markie
46,Bizzy-bone,Bizzy Bone
47,Bj-the-chicago-kid,Bj The Chicago Kid
48,Black-milk,Black Milk
49,Black-rob,Black Rob
50,Blu,Blu
51,Bob,Bob
52,Bobby-brackins,Bobby Brackins
53,Bobby-shmurda,Bobby Shmurda
54,Bohemia,Bohemia
55,Bone-crusher,Bone Crusher
56,Boondox,Boondox
57,Boosie-badazz,Boosie Badazz
58,Bow-wow,Bow Wow
59,Da-brat,Da Brat
60,Brotha-lynch-hung,Brotha Lynch Hung
61,Brother-ali,Brother Ali
62,Bubba-sparxxx,Bubba Sparxxx
63,Bun-b,Bun B
64,Busdriver,Busdriver
65,Busta-rhymes,Busta Rhymes
66,Chance-the-rapper,Chance The Rapper
67,Chief-keef,Chief Keef
68,Childish-gambino,Childish Gambino
69,Chris-brown,Chris Brown
70,Common,Common
71,Cage,Cage
72,Camron,Camron
73,Canibus,Canibus
74,Capital-steez,Capital Steez
75,Cappadonna,Cappadonna
76,Casey-veggies,Casey Veggies
77,Caskey,Caskey
78,Cassidy,Cassidy
79,Ceelo-green,Ceelo Green
80,Celly-cel,Celly Cel
81,Celph-titled,Celph Titled
82,Ceza,Ceza
83,Chamillionaire,Chamillionaire
84,Chanel-west-coast,Chanel West Coast
85,Charles-hamilton,Charles Hamilton
86,Chevy-woods,Chevy Woods
87,Chiddy-bang,Chiddy Bang
88,Chingy,Chingy
89,Chino-xl,Chino Xl
90,Chinx,Chinx
91,Chip,Chip
92,Christopher-martin,Christopher Martin
93,Chris-webby,Chris Webby
94,Chubb-rock,Chubb Rock
95,Cj-fly,Cj Fly
96,Cl,Cl
97,Classified,Classified
98,Clyde-carson,Clyde Carson
99,C-murder,C Murder
100,Consequence,Consequence
101,Coolio,Coolio
102,Cormega,Cormega
103,Craig-mack,Craig Mack
104,Crooked-i,Crooked I
105,Cyhi-the-prynce,Cyhi The Prynce
106,Danny-brown,Danny Brown
107,Denzel-curry,Denzel Curry
108,Desiigner,Desiigner
109,Dj-khaled,Dj Khaled
110,Drake,Drake
111,Dr-dre,Dr Dre
112,Dan-bull,Dan Bull
113,Dangelo,Dangelo
114,Dappy,Dappy
115,Dave-east,Dave East
116,Daveed-diggs,Daveed Diggs
117,David-banner,David Banner
118,David-dallas,David Dallas
119,Daz-dillinger,Daz Dillinger
120,Dej-loaf,Dej Loaf
121,Del-the-funky-homosapien,Del The Funky Homosapien
122,Deniro-farrar,Deniro Farrar
123,Derek-minor,Derek Minor
124,Deuce,Deuce
125,Dev,Dev
126,Devin-the-dude,Devin The Dude
127,Devlin,Devlin
128,Diabolic,Diabolic
129,Diamond-d,Diamond D
130,Diggy-simmons,Diggy Simmons
131,Dillon-cooper,Dillon Cooper
132,Dizzee-rascal,Dizzee Rascal
133,Dizzy-wright,Dizzy Wright
134,Dj-casper,Dj Casper
135,Dj-drama,Dj Drama
136,Dj-kay-slay,Dj Kay Slay
137,Dj-mustard,Dj Mustard
138,Dj-paul,Dj Paul
139,Dj-quik,Dj Quik
140,Dj-screw,Dj Screw
141,Dj-shadow,Dj Shadow
142,Dmx,Dmx
143,The-doc,The Doc
144,Doe-b,Doe B
145,Dok2,Dok2
146,Dolla,Dolla
147,Dom-kennedy,Dom Kennedy
148,Domo-genesis,Domo Genesis
149,Dorrough,Dorrough
150,Drag-on,Drag On
151,Dumbfoundead,Dumbfoundead
152,E-40,E 40
153,Earl-sweatshirt,Earl Sweatshirt
154,Eazy-e,Eazy E
155,Eminem,Eminem
156,Edo-g,Edo G
157,Edo-maajka,Edo Maajka
158,Elephant-man,Elephant Man
159,El-p,El P
160,Elzhi,Elzhi
161,Eric-biddines,Eric Biddines
162,Erick-sermon,Erick Sermon
163,Esg,Esg
164,Esham,Esham
165,Eve,Eve
166,Evidence,Evidence
167,Eyedea,Eyedea
168,Fabolous,Fabolous
169,Fabri-fibra,Fabri Fibra
170,Fetty-wap,Fetty Wap
171,Frank-ocean,Frank Ocean
172,Freddie-gibbs,Freddie Gibbs
173,French-montana,French Montana
174,Future,Future
175,Fashawn,Fashawn
176,Father-mc,Father Mc
177,Fat-joe,Fat Joe
178,Fatman-scoop,Fatman Scoop
179,Fat-pat,Fat Pat
180,Fat-trel,Fat Trel
181,Fergie,Fergie
182,Fiend,Fiend
183,Flame,Flame
184,Flavor-flav,Flavor Flav
185,Flavour-nabania,Flavour Nabania
186,Flo-rida,Flo Rida
187,Flying-lotus,Flying Lotus
188,Focus,Focus
189,Fonzworth-bentley,Fonzworth Bentley
190,Fort-minor,Fort Minor
191,Foxx,Foxx
192,Foxy-brown,Foxy Brown
193,Frankie-j,Frankie J
194,Frayser-boy,Frayser Boy
195,Freak-nasty,Freak Nasty
196,Fredo-santana,Fredo Santana
197,Fredro-starr,Fredro Starr
198,Free,Free
199,Freeway,Freeway
200,Frenkie,Frenkie
201,Froggy-fresh,Froggy Fresh
202,Frost,Frost
203,Funkmaster-flex,Funkmaster Flex
204,The-game,The Game
205,G-eazy,G Eazy
206,Giggs,Giggs
207,Gucci-mane,Gucci Mane
208,Gaeko,Gaeko
209,Gangsta-boo,Gangsta Boo
210,Ganksta-nip,Ganksta Nip
211,G-dep,G Dep
212,G-dragon,G Dragon
213,Ghostface-killah,Ghostface Killah
214,Gilbere-forte,Gilbere Forte
215,Glasses-malone,Glasses Malone
216,Gorilla-zoe,Gorilla Zoe
217,Grafh,Grafh
218,Grandmaster-caz,Grandmaster Caz
219,Grandmaster-flash,Grandmaster Flash
220,Grand-puba,Grand Puba
221,Greydon-square,Greydon Square
222,Grieves,Grieves
223,Gudda-gudda,Gudda Gudda
224,Guerilla-black,Guerilla Black
225,Guilty-simpson,Guilty Simpson
226,Gunplay,Gunplay
227,Guru,Guru
228,Gza,Gza
229,Hopsin,Hopsin
230,Half-a-mill,Half A Mill
231,Havoc,Havoc
232,Heavy-d,Heavy D
233,Hi-c,Hi C
234,Hit-boy,Hit Boy
235,Hi-tek,Hi Tek
236,Hittman,Hittman
237,Honey-cocaine,Honey Cocaine
238,Hoodie-allen,Hoodie Allen
239,Huey,Huey
240,Hurricane-chris,Hurricane Chris
241,Hush,Hush
242,Hussein-fatal,Hussein Fatal
243,Ice-cube,Ice Cube
244,Iggy-azalea,Iggy Azalea
245,Ilovemakonnen,Ilovemakonnen
246,Immortal-technique,Immortal Technique
247,Isaiah-rashad,Isaiah Rashad
248,I-20,I 20
249,Ice-t,Ice T
250,Ill-bill,Ill Bill
251,Imran-khan,Imran Khan
252,Indo-g,Indo G
253,Inspectah-deck,Inspectah Deck
254,Iyanya,Iyanya
255,Iyaz,Iyaz
256,Jay-z,Jay Z
257,J-cole,J Cole
258,Jeremih,Jeremih
259,The-jacka,The Jacka
260,Jackie-hill-perry,Jackie Hill Perry
261,Jack-parow,Jack Parow
262,Jadakiss,Jadakiss
263,Jaden-smith,Jaden Smith
264,Jae-millz,Jae Millz
265,Jake-miller,Jake Miller
266,Jamal,Jamal
267,Jamie-foxx,Jamie Foxx
268,Jarren-benton,Jarren Benton
269,Ja-rule,Ja Rule
270,Jay-electronica,Jay Electronica
271,Jayo-felony,Jayo Felony
272,Jay-park,Jay Park
273,Jay-rock,Jay Rock
274,J-dilla,J Dilla
275,Jean-grae,Jean Grae
276,Jermaine-dupri,Jermaine Dupri
277,Jeru-the-damaja,Jeru The Damaja
278,Jibbs,Jibbs
279,Jim-jones,Jim Jones
280,J-kwon,J Kwon
281,Jme,Jme
282,Joe-budden,Joe Budden
283,Joell-ortiz,Joell Ortiz
284,John-cena,John Cena
285,Jon-connor,Jon Connor
286,Jr-writer,Jr Writer
287,J-stalin,J Stalin
288,Jt-money,Jt Money
289,Juelz-santana,Juelz Santana
290,Juicy-j,Juicy J
291,Jus-allah,Jus Allah
292,Justice,Justice
293,Juvenile,Juvenile
294,Kanye-west,Kanye West
295,Kendrick-lamar,Kendrick Lamar
296,Kevin-gates,Kevin Gates
297,Kid-cudi,Kid Cudi
298,Kid-ink,Kid Ink
299,Kodak-black,Kodak Black
300,K7,K7
301,Kam,Kam
302,Kap-g,Kap G
303,Kardinal-offishall,Kardinal Offishall
304,Kat-dahlia,Kat Dahlia
305,Katie-got-bandz,Katie Got Bandz
306,Kb,Kb
307,K-camp,K Camp
308,Keak-da-sneak,Keak Da Sneak
309,Keith-murray,Keith Murray
310,Kerser,Kerser
311,Kevin-mccall,Kevin Mccall
312,Khia,Khia
313,Kidd-kidd,Kidd Kidd
314,Kid-frost,Kid Frost
315,Kid-rock,Kid Rock
316,Killah-priest,Killah Priest
317,Killer-mike,Killer Mike
318,Kilo-ali,Kilo Ali
319,King-chip,King Chip
320,King-gordy,King Gordy
321,Kirk-knight,Kirk Knight
322,Kirko-bangz,Kirko Bangz
323,Kitty,Kitty
324,Kj-52,Kj 52
325,Knaan,Knaan
326,Kool-ad,Kool Ad
327,Kool-g-rap,Kool G Rap
328,Kool-keith,Kool Keith
329,Kool-moe-dee,Kool Moe Dee
330,K-os,K Os
331,Krayzie-bone,Krayzie Bone
332,Kreayshawn,Kreayshawn
333,Krizz-kaliko,Krizz Kaliko
334,Krs-one,Krs One
335,Kung-fu-vampire,Kung Fu Vampire
336,Kurtis-blow,Kurtis Blow
337,Kurupt,Kurupt
338,Kutt-calhoun,Kutt Calhoun
339,Lil-dicky,Lil Dicky
340,Lil-durk,Lil Durk
341,Lil-uzi-vert,Lil Uzi Vert
342,Lil-wayne,Lil Wayne
343,Lil-yachty,Lil Yachty
344,Logic,Logic
345,La-chat,La Chat
346,The-lady-of-rage,The Lady Of Rage
347,Large-professor,Large Professor
348,Lauryn-hill,Lauryn Hill
349,Lecrae,Lecrae
350,Lil-b,Lil B
351,Lil-bibby,Lil Bibby
352,Lil-debbie,Lil Debbie
353,Lil-flip,Lil Flip
354,Lil-jon,Lil Jon
355,Lil-keke,Lil Keke
356,Lil-kim,Lil Kim
357,Lil-mama,Lil Mama
358,Lil-o,Lil O
359,Lil-reese,Lil Reese
360,Lil-scrappy,Lil Scrappy
361,Lil-troy,Lil Troy
362,Lil-twist,Lil Twist
363,Lil-wyte,Lil Wyte
364,Ll-cool-j,Ll Cool J
365,Lloyd-banks,Lloyd Banks
366,Locksmith,Locksmith
367,Lord-finesse,Lord Finesse
368,Lord-infamous,Lord Infamous
369,Louis-logic,Louis Logic
370,Loverance,Loverance
371,Lowkey,Lowkey
372,Ludacris,Ludacris
373,Lupe-fiasco,Lupe Fiasco
374,Machine-gun-kelly,Machine Gun Kelly
375,Mac-miller,Mac Miller
376,Meek-mill,Meek Mill
377,Mike-will-made-it,Mike Will Made It
378,Mac,Mac
379,Mac-dre,Mac Dre
380,Mack-10,Mack 10
381,Macklemore,Macklemore
382,Mac-lethal,Mac Lethal
383,Madchild,Madchild
384,Maejor-ali,Maejor Ali
385,Magic,Magic
386,Maino,Maino
387,Mann,Mann
388,Mark-battles,Mark Battles
389,Marley-marl,Marley Marl
390,Masta-ace,Masta Ace
391,Masta-killa,Masta Killa
392,Master-p,Master P
393,Max-b,Max B
394,Mc-eiht,Mc Eiht
395,Mc-hammer,Mc Hammer
396,Mc-lyte,Mc Lyte
397,Mc-ren,Mc Ren
398,Mc-solaar,Mc Solaar
399,Memphis-bleek,Memphis Bleek
400,Method-man,Method Man
401,Mf-doom,Mf Doom
402,Mf-grimm,Mf Grimm
403,Mia,Mia
404,Mickey-factz,Mickey Factz
405,Mick-jenkins,Mick Jenkins
406,Mike-g,Mike G
407,Mike-jones,Mike Jones
408,Mike-posner,Mike Posner
409,Mike-stud,Mike Stud
410,Milo,Milo
411,Mims,Mims
412,Missy-elliott,Missy Elliott
413,Mistah-fab,Mistah Fab
414,Mr-capone-e,Mr Capone E
415,Mr-criminal,Mr Criminal
416,Mr-muthafuckin-exquire,Mr Muthafuckin Exquire
417,Mod-sun,Mod Sun
418,Murs,Murs
419,Mystikal,Mystikal
420,Nas,Nas
421,Nav,Nav
422,Nf,Nf
423,Nicki-minaj,Nicki Minaj
424,Noname,Noname
425,The-notorious-big,The Notorious Big
426,Nate-dogg,Nate Dogg
427,Nature,Nature
428,Necro,Necro
429,Nelly,Nelly
430,Nick-cannon,Nick Cannon
431,Nicole-wray,Nicole Wray
432,Nipsey-hussle,Nipsey Hussle
433,Noclue,Noclue
434,No-malice,No Malice
435,Nonchalant,Nonchalant
436,Nore,Nore
437,Nujabes,Nujabes
438,Nump,Nump
439,Nyzzy-nyce,Nyzzy Nyce
440,Ol-dirty-bastard,Ol Dirty Bastard
441,Omarion,Omarion
442,Obie-trice,Obie Trice
443,Oddisee,Oddisee
444,Og-maco,Og Maco
445,Oh-no,Oh No
446,Oj-da-juiceman,Oj Da Juiceman
447,Olamide,Olamide
448,Olivia,Olivia
449,Open-mike-eagle,Open Mike Eagle
450,Pitbull,Pitbull
451,Post-malone,Post Malone
452,Pusha-t,Pusha T
453,Papoose,Papoose
454,Pastor-troy,Pastor Troy
455,Paul-wall,Paul Wall
456,Peewee-longway,Peewee Longway
457,Petey-pablo,Petey Pablo
458,Pharoahe-monch,Pharoahe Monch
459,Pharrell-williams,Pharrell Williams
460,Phife-dawg,Phife Dawg
461,Philthy-rich,Philthy Rich
462,Phyno,Phyno
463,Pimp-c,Pimp C
464,Plies,Plies
465,Porta,Porta
466,Positive-k,Positive K
467,Pras,Pras
468,P-reign,P Reign
469,Prince-paul,Prince Paul
470,Problem,Problem
471,Professor-green,Professor Green
472,Project-pat,Project Pat
473,Proof,Proof
474,Prozak,Prozak
475,Psy,Psy
476,Q-tip,Q Tip
477,Quavo,Quavo
478,Queen-latifah,Queen Latifah
479,Queen-pen,Queen Pen
480,The-quiett,The Quiett
481,Qwel,Qwel
482,Rich-chigga,Rich Chigga
483,Rich-homie-quan,Rich Homie Quan
484,Rich-the-kid,Rich The Kid
485,Rick-ross,Rick Ross
486,R-kelly,R Kelly
487,Raekwon,Raekwon
488,Rah-digga,Rah Digga
489,Rakim,Rakim
490,Rap-monster,Rap Monster
491,Rappin-4-tay,Rappin 4 Tay
492,Rapsody,Rapsody
493,Rasheeda,Rasheeda
494,Ras-kass,Ras Kass
495,Ra-the-rugged-man,Ra The Rugged Man
496,Ray-j,Ray J
497,Redfoo,Redfoo
498,Redman,Redman
499,Reef-the-lost-cauze,Reef The Lost Cauze
500,Reks,Reks
501,Remy-ma,Remy Ma
502,Rhymefest,Rhymefest
503,Rich-boy,Rich Boy
504,Richie-rich,Richie Rich
505,Rico-love,Rico Love
506,Riff-raff,Riff Raff
507,Rittz,Rittz
508,Rj,Rj
509,Rjd2,Rjd2
510,Rob-sonic,Rob Sonic
511,Rockie-fresh,Rockie Fresh
512,Rocko,Rocko
513,Roc-marciano,Roc Marciano
514,Roger-troutman,Roger Troutman
515,Ronnie-radke,Ronnie Radke
516,Roots-manuva,Roots Manuva
517,Rowdy-rebel,Rowdy Rebel
518,Rucka-rucka-ali,Rucka Rucka Ali
519,Rza,Rza
520,Schoolboy-q,Schoolboy Q
521,Snoop-dogg,Snoop Dogg
522,Sza,Sza
523,Sadistik,Sadistik
524,Sage-francis,Sage Francis
525,Sage-the-gemini,Sage The Gemini
526,Saigon,Saigon
527,Sammy-adams,Sammy Adams
528,Sarkodie,Sarkodie
529,Scarface,Scarface
530,Schoolly-d,Schoolly D
531,Sd,Sd
532,Sean-paul,Sean Paul
533,Sean-price,Sean Price
534,Shad,Shad
535,Shaggy,Shaggy
536,Shaquille-oneal,Shaquille Oneal
537,Shawty-lo,Shawty Lo
538,Sho-baraka,Sho Baraka
539,Shwayze,Shwayze
540,Shy-glizzy,Shy Glizzy
541,Shyheim,Shyheim
542,Shyne,Shyne
543,Silla,Silla
544,Sir-mix-a-lot,Sir Mix A Lot
545,Skee-lo,Skee Lo
546,Skeme,Skeme
547,Skyzoo,Skyzoo
548,Slick-rick,Slick Rick
549,Slim-thug,Slim Thug
550,Smoke-dza,Smoke Dza
551,Snootie-wild,Snootie Wild
552,Snow-tha-product,Snow Tha Product
553,Sonny-digital,Sonny Digital
554,Soulja-boy,Soulja Boy
555,Soulja-slim,Soulja Slim
556,South-park-mexican,South Park Mexican
557,Spaceghostpurrp,Spaceghostpurrp
558,Spice-1,Spice 1
559,Spose,Spose
560,Stalley,Stalley
561,Starlito,Starlito
562,Statik-selektah,Statik Selektah
563,Stevie-stone,Stevie Stone
564,Sticky-fingaz,Sticky Fingaz
565,Styles-p,Styles P
566,Suga-free,Suga Free
567,Swizz-beatz,Swizz Beatz
568,Swizzz,Swizzz
569,Tech-n9ne,Tech N9ne
570,Ti,Ti
571,Tory-lanez,Tory Lanez
572,Travis-scott,Travis Scott
573,Trey-songz,Trey Songz
574,Ty-dolla-sign,Ty Dolla Sign
575,Tyga,Tyga
576,Tablo,Tablo
577,Taio-cruz,Taio Cruz
578,Talib-kweli,Talib Kweli
579,T-bone,T Bone
580,Tedashii,Tedashii
581,Teeflii,Teeflii
582,Tela,Tela
583,Termanology,Termanology
584,Terrace-martin,Terrace Martin
585,Teyana-taylor,Teyana Taylor
586,The-dream,The Dream
587,Theophilus-london,Theophilus London
588,Timaya,Timaya
589,Timbaland,Timbaland
590,Tim-dog,Tim Dog
591,Tinie-tempah,Tinie Tempah
592,T-mills,T Mills
593,Tobymac,Tobymac
594,Tonedeff,Tonedeff
595,Tony-yayo,Tony Yayo
596,Too-short,Too Short
597,T-pain,T Pain
598,Trae-tha-truth,Trae Tha Truth
599,Tragedy-khadafi,Tragedy Khadafi
600,Trick-daddy,Trick Daddy
601,Trick-trick,Trick Trick
602,Trina,Trina
603,Trinidad-james,Trinidad James
604,Trip-lee,Trip Lee
605,Troy-ave,Troy Ave
606,Turk,Turk
607,T-wayne,T Wayne
608,Twista,Twista
609,Twisted-insane,Twisted Insane
610,Tyler-joseph,Tyler Joseph
611,Uncle-murda,Uncle Murda
612,U-god,U God
613,Unk,Unk
614,Vic-mensa,Vic Mensa
615,Vince-staples,Vince Staples
616,Vinnie-paz,Vinnie Paz
617,Vado,Vado
618,Vakill,Vakill
619,Valete,Valete
620,Vanilla-ice,Vanilla Ice
621,Vast-aire,Vast Aire
622,Verbal-jint,Verbal Jint
623,Verse-simmonds,Verse Simmonds
624,Vic,Vic
625,Violent-j,Violent J
626,V-nasty,V Nasty
627,Waka-flocka-flame,Waka Flocka Flame
628,Wale,Wale
629,Watsky,Watsky
630,Willow-smith,Willow Smith
631,Wiz-khalifa,Wiz Khalifa
632,Wizkid,Wizkid
633,Warren-g,Warren G
634,Wc,Wc
635,Webbie,Webbie
636,Westside-gunn,Westside Gunn
637,William,William
638,Willie-d,Willie D
639,Willie-the-kid,Willie The Kid
640,Will-smith,Will Smith
641,Witchdoctor,Witchdoctor
642,Wrekonize,Wrekonize
643,Wyclef-jean,Wyclef Jean
644,Xv,Xv
645,Xxxtentacion,Xxxtentacion
646,Xzibit,Xzibit
647,X-raided,X Raided
648,Yelawolf,Yelawolf
649,Yg,Yg
650,Yo-gotti,Yo Gotti
651,Young-thug,Young Thug
652,Yung-lean,Yung Lean
653,Ya-boy,Ya Boy
654,Yaki-kadafi,Yaki Kadafi
655,Yc,Yc
656,Yoonmirae,Yoonmirae
657,Young-bleed,Young Bleed
658,Young-buck,Young Buck
659,Young-chop,Young Chop
660,Young-chris,Young Chris
661,Young-dro,Young Dro
662,Young-maylay,Young Maylay
663,Young-mc,Young Mc
664,Young-noble,Young Noble
665,Young-scooter,Young Scooter
666,Your-old-droog,Your Old Droog
667,Yo-yo-honey-singh,Yo Yo Honey Singh
668,Yz,Yz
669,Yukmouth,Yukmouth
670,Yung6ix,Yung6ix
671,Yung-berg,Yung Berg
672,Yung-joc,Yung Joc
673,Yung-la,Yung La
674,Yung-ro,Yung Ro
675,Yung-wun,Yung Wun
676,21-savage,21 Savage
677,2-chainz,2 Chainz
678,50-cent,50 Cent
679,100s,100s
680,2-pistols,2 Pistols
681,360,360
682,9th-wonder,9th Wonder
683,Mr-cheeks,Mr Cheeks
684,Puff-daddy,Puff Daddy
685,A-ap-mob,A$AP Mob
686,A-ap-ferg,A$AP Ferg
687,A-ap-nast,A$AP Nast
688,A-ap-twelvyy,A$AP Twelvyy
689,A-ap-ant,A$AP Ant
690,Clipse,Clipse
691,Benzino,Benzino
692,Field-mob,Field Mob
693,Youngbloodz,Youngbloodz
694,Outkast,Outkast
695,Andre-3000,Andre 3000
696,2pac,2pac
697,G-unit,G-Unit
698,Ying-yang-twins,Ying Yang Twins
699,Big-tymers,Big Tymers
700,Ma-e,Mase
701,Mobb-deep,Mobb Deep
702,Terror-squad,Terror Squad
703,Pretty-ricky,Pretty Ricky
704,Webbie,Webbie
705,Rihanna,Rihanna
706,Dem-franchize-boyz,Dem Franchize Boyz
707,Jeezy,Jeezy
708,Three-6-mafia,Three 6 Mafia
709,Royce-da-59,Royce Da 59
710,100s,100s
711,Christopher-martin,Christopher Martin
712,Da-h,Da H
713,Mac,Mac
714,Maejor-ali,Maejor Ali
715,Quavo,Quavo
716,Rich-chigga,Rich Chigga
717,U-o,U O
718,Yc,Yc
719,Yung-la,Yung La
720,Big-d,Big D
721,Prodigy-of-mobb-deep,Prodigy Of Mobb Deep
722,Choppa,Choppa
723,Dj-yella,Dj Yella
724,Angie-martinez,Angie Martinez
725,Beenie-man,Beenie Man
726,Nitty-scott,Nitty Scott
727,Lil-cease,Lil Cease
728,Charli-baltimore,Charli Baltimore
729,D-block,D Block
730,Lil-wil,Lil Wil
731,Jahlil-beats,Jahlil Beats
732,Murphy-lee,Murphy Lee
733,St-lunatics,St Lunatics
734,Jt-the-bigga-figga,Jt The Bigga Figga
735,Mc-shan,Mc Shan
736,Dj-clue,Dj Clue
737,Scrilla,Scrilla
738,Curren-y,Curren Y
739,Grandmaster-melle-mel,Grandmaster Melle Mel
740,San-quinn,San Quinn
741,Hodgy,Hodgy
742,Kid-capri,Kid Capri
743,Black-star,Black Star
744,Yasiin-bey,Yasiin Bey
745,Talib-kweli,Talib Kweli
746,Wu-tang-clan,Wu Tang Clan
747,Migos,Migos
748,Lil-yachty,Lil Yachty
749,Black-thought,Black Thought
750,Rapper-big-pooh,Rapper Big Pooh
751,Sean-kingston,Sean Kingston
752,Iggy-azalea,Iggy Azalea
753,Obie-trice,Obie Trice
754,Ras-kass,Ras Kass
755,Dram,Dram
756,Montana-of-300,Montana Of 300
757,Jeremih,Jeremih
758,Carnage,Carnage
759,The-knocks,The Knocks
760,Rich-the-kid,Rich The Kid
761,Chinx,Chinx
762,Jedi-mind-tricks,Jedi Mind Tricks
763,Kamaiyah,Kamaiyah
764,Rae-sremmurd,Rae Sremmurd
765,The-underachievers,The Underachievers
766,G-herbo,G Herbo
767,Nyck-caution,Nyck Caution
768,Kodak-black,Kodak Black
769,Jon-connor,Jon Connor
770,Merkules,Merkules
771,Flatbush-zombies,Flatbush Zombies
772,Dram,Dram
773,Kidd-kidd,Kidd Kidd
774,Stalley,Stalley
775,Joyner-lucas,Joyner Lucas
776,Royce-da-59,Royce Da 59
777,Treach,Treach
778,Chuck-d,Chuck D
779,Juice,Juice
780,A-ap-rocky,A$AP Rocky
